percentile,mean_duration_weeks
10,38.57142857142857
20,32.285714285714285
30,28.571428571428573
40,26.428571428571427
