geo_code,level_1,slope_1,level_2,slope_2
32,-203.35661493882301,108.62293311417027,427.4572778004424,-7.171290034831879
84,-330.0573168011164,123.97057128214186,486.95820672955995,-5.045969064329445
93,-146.6613916067744,125.7466068679566,500.1293927871685,-3.4082778360420174
11,-265.9122107449685,60.95465444300161,492.19103361167004,-7.957252248868182
